<?xml version="1.0" encoding="UTF-8" standalone="yes"?>
<addon id="primo.plugin.simYT66" name="SimVideo" version="0.0.1" provider-name="SimYT66">
    <requires>
        <import addon="xbmc.python" version="2.25.0"/>
        <import addon="script.module.routing" version="0.2.0"/>

    </requires>
    <extension point="xbmc.python.pluginsource" library="main.py">
        <provides>video</provides>
    </extension>
    <extension point="xbmc.addon.metadata">
        <summary lang="en_GB">video streaming</summary>
        <description lang="en_GB"></description>
        <language></language>
        <platform>all</platform>
        <license>Apache-2.0</license>
        <forum></forum>
        <website>https://github.com/simYT66-01/SimAddon9.git</website>
        <email>simYT6601@gmail.com</email>
        <source></source>
        <news></news>
        <disclaimer></disclaimer>
        <assets>
            <icon>resources/icon.png</icon>
            <fanart>resources/fanart.jpg</fanart>
        </assets>
    </extension>
</addon>
